"Qty";"Value";"Device";"Package";"Parts";"Description";"DESCRIPTION";"HEIGHT";"MANUFACTURER_NAME";"MANUFACTURER_PART_NUMBER";"MOUSER_PART_NUMBER";"MOUSER_PRICE-STOCK";"POPULARITY";"SPICEPREFIX";
"1";"";"DPDT.LUGS";"DPDT.LUGS";"CTL";"DPDT Switches";"";"";"";"";"";"";"";"";
"1";"";"SPDT.LUGS";"SPDT.LUGS";"SHAPE";"SPDT Switches";"";"";"";"";"";"";"";"";
"1";"";"TRIM_US-B25P";"B25P";"R40";"POTENTIOMETER";"";"";"";"";"";"";"";"";
"6";"100k";"R-US_0204/7";"0204/7";"R17, R18, R19, R21, R36, R41";"RESISTOR, American symbol";"";"";"";"";"";"";"";"R";
"2";"100n";"C-EU050-025X075";"C050-025X075";"C1, C15";"CAPACITOR, European symbol";"";"";"";"";"";"";"";"C";
"1";"100p";"C-EU050-025X075";"C050-025X075";"C6";"CAPACITOR, European symbol";"";"";"";"";"";"";"";"C";
"3";"100u";"CPOL-USE2.5-6";"E2,5-6";"C8, C9, C10";"POLARIZED CAPACITOR, American symbol";"";"";"";"";"";"";"";"C";
"18";"10k";"R-US_0204/7";"0204/7";"R3, R4, R7, R8, R9, R10, R11, R12, R13, R14, R15, R16, R23, R24, R29, R35, R37, R38";"RESISTOR, American symbol";"";"";"";"";"";"";"";"R";
"1";"10kB";"16MM.1";"16MM_B.MOUNT";"SPEED";"16mm Poteniometers";"";"";"";"";"";"";"";"";
"1";"150n";"C-EU050-025X075";"C050-025X075";"C3";"CAPACITOR, European symbol";"";"";"";"";"";"";"";"C";
"1";"15k";"R-US_0204/7";"0204/7";"R30";"RESISTOR, American symbol";"";"";"";"";"";"";"";"R";
"2";"1M";"R-US_0204/7";"0204/7";"R1, R2";"RESISTOR, American symbol";"";"";"";"";"";"";"";"R";
"1";"1N5817";"DO41.3";"DO41-3";"D6";"1N400x, 1N5817";"";"";"";"";"";"";"";"";
"5";"1k";"R-US_0204/7";"0204/7";"R25, R26, R27, R28, R32";"RESISTOR, American symbol";"";"";"";"";"";"";"";"R";
"1";"1u";"C-EU050-025X075";"C050-025X075";"C14";"CAPACITOR, European symbol";"";"";"";"";"";"";"";"C";
"2";"220R";"R-US_0204/7";"0204/7";"R5, R6";"RESISTOR, American symbol";"";"";"";"";"";"";"";"R";
"2";"22k";"R-US_0204/7";"0204/7";"R33, R34";"RESISTOR, American symbol";"";"";"";"";"";"";"";"R";
"1";"22n";"C-EU050-025X075";"C050-025X075";"C13";"CAPACITOR, European symbol";"";"";"";"";"";"";"";"C";
"1";"2u2";"CPOL-USE2.5-6";"E2,5-6";"C7";"POLARIZED CAPACITOR, American symbol";"";"";"";"";"";"";"";"C";
"1";"470R";"R-US_0204/7";"0204/7";"R39";"RESISTOR, American symbol";"";"";"";"";"";"";"";"R";
"1";"47k";"R-US_0204/7";"0204/7";"R31";"RESISTOR, American symbol";"";"";"";"";"";"";"";"R";
"3";"47n";"C-EU050-025X075";"C050-025X075";"C2, C4, C5";"CAPACITOR, European symbol";"";"";"";"";"";"";"";"C";
"1";"50kB";"16MM.1";"16MM_B.MOUNT";"VOICE";"16mm Poteniometers";"";"";"";"";"";"";"";"";
"1";"5kC";"16MM.1";"16MM_B.MOUNT";"DEPTH";"16mm Poteniometers";"";"";"";"";"";"";"";"";
"1";"68k";"R-US_0204/7";"0204/7";"R20";"RESISTOR, American symbol";"";"";"";"";"";"";"";"R";
"1";"ATTINY85-20PU";"ATTINY85-20PU";"DIP781W56P254L950H533Q8N";"IC3";"MICROCHIP - ATTINY85-20PU - MICROCONTROLLER MCU, 8 BIT, ATTINY, 20MHZ, DIP-8";"MICROCHIP - ATTINY85-20PU - MICROCONTROLLER MCU, 8 BIT, ATTINY, 20MHZ, DIP-8";"5.334mm";"Microchip";"ATTINY85-20PU";"556-ATTINY85-20PU";"https://www.mouser.co.uk/ProductDetail/Microchip-Technology-Atmel/ATTINY85-20PU?qs=8jWQYweyg6NCiiaOb5GI9Q%3D%3D";"";"";
"1";"CD4066BEE4";"CD4066BEE4";"DIP794W53P254L1930H508Q14N";"U1";"Analog Switch Quad SPST 14-Pin PDIP Tube";"Analog Switch Quad SPST 14-Pin PDIP Tube";"5.08mm";"Texas Instruments";"CD4066BEE4";"595-CD4066BEE4";"https://www.mouser.co.uk/ProductDetail/Texas-Instruments/CD4066BEE4?qs=LSR%252BNeaw%2FwCatOISuyR4WA%3D%3D";"";"";
"1";"LED-RGB";"LED-RGB";"5MM-RGB";"LED1";"RGB 5mm LED";"";"";"";"";"";"";"";"";
"1";"LM2907N-8_NOPB";"LM2907N-8_NOPB";"DIP794W53P254L959H508Q8N";"IC4";"Frequency to Voltage Converter";"Frequency to Voltage Converter";"5.08mm";"Texas Instruments";"LM2907N-8/NOPB";"926-LM2907N-8/NOPB";"https://www.mouser.co.uk/ProductDetail/Texas-Instruments/LM2907N-8-NOPB?qs=X1J7HmVL2ZGu14rEpM%2FYHQ%3D%3D";"";"";
"1";"LM78L.";"LM78L.";"TO92";"REG1";"TO-92 Type, 100mA";"";"";"";"";"";"";"";"";
"11";"LSP10";"LSP10";"LSP10";"+9V, GND, GND_IN, GND_OUT, IN, LED, OUT, R, S, SW, T";"SOLDER PAD drill 1.0 mm, distributor Buerklin, 12H555";"";"";"";"";"";"";"52";"";
"1";"RLED_B";"R-US_0204/7";"0204/7";"R22";"RESISTOR, American symbol";"";"";"";"";"";"";"";"R";
"1";"RLED_G";"R-US_0204/7";"0204/7";"R43";"RESISTOR, American symbol";"";"";"";"";"";"";"";"R";
"1";"RLED_R";"R-US_0204/7";"0204/7";"R42";"RESISTOR, American symbol";"";"";"";"";"";"";"";"R";
"1";"TL072P";"TL072P";"DIL08";"IC5";"OP AMP";"";"";"";"";"";"";"13";"";
"2";"TL074P";"TL074P";"DIL14";"IC1, IC2";"OP AMP";"";"";"";"";"";"";"0";"";
